# task_id	mode	env_name	seed	steps	params	extra_args
#
# CDA = Critic -> latent Dynamics/T -> Actor. Each phase runs `steps` gradient
# updates, so total optimization iterations are 3 * steps while each module
# keeps the same update count as the joint Tr_h4 baseline.
official_qrl_CDA_Tr_h4_maze2d_umaze_s1000	offline	maze2d-umaze-v1	1000	200000		num_workers=12 agent.training_schedule=critic_then_dynamics_then_actor agent.quasimetric_critic.losses.separate_latent_dynamics=true agent.quasimetric_critic.model.latent_dynamics.kind=transformer agent.quasimetric_critic.model.latent_dynamics.history_length=4 agent.quasimetric_critic.model.latent_dynamics.transformer_d_model=120 agent.quasimetric_critic.model.latent_dynamics.transformer_num_layers=2 agent.quasimetric_critic.model.latent_dynamics.transformer_num_heads=4 save_steps=2000
official_qrl_CDA_Tr_h4_maze2d_medium_s1000	offline	maze2d-medium-v1	1000	200000		num_workers=12 agent.training_schedule=critic_then_dynamics_then_actor agent.quasimetric_critic.losses.separate_latent_dynamics=true agent.quasimetric_critic.model.latent_dynamics.kind=transformer agent.quasimetric_critic.model.latent_dynamics.history_length=4 agent.quasimetric_critic.model.latent_dynamics.transformer_d_model=120 agent.quasimetric_critic.model.latent_dynamics.transformer_num_layers=2 agent.quasimetric_critic.model.latent_dynamics.transformer_num_heads=4 save_steps=2000
official_qrl_CDA_Tr_h4_maze2d_large_s1000	offline	maze2d-large-v1	1000	200000		num_workers=12 agent.training_schedule=critic_then_dynamics_then_actor agent.quasimetric_critic.losses.separate_latent_dynamics=true agent.quasimetric_critic.model.latent_dynamics.kind=transformer agent.quasimetric_critic.model.latent_dynamics.history_length=4 agent.quasimetric_critic.model.latent_dynamics.transformer_d_model=120 agent.quasimetric_critic.model.latent_dynamics.transformer_num_layers=2 agent.quasimetric_critic.model.latent_dynamics.transformer_num_heads=4 save_steps=2000
official_qrl_CDA_Tr_h4_antmaze_umaze_diverse_s1000	offline	antmaze-umaze-diverse-v2	1000	100000		num_workers=12 agent.training_schedule=critic_then_dynamics_then_actor agent.quasimetric_critic.losses.separate_latent_dynamics=true agent.quasimetric_critic.model.encoder.arch=[1024,1024,1024] agent.quasimetric_critic.model.encoder.latent_size=256 agent.quasimetric_critic.model.quasimetric_model.projector_arch=[1024,1024] agent.quasimetric_critic.model.latent_dynamics.arch=[1024,1024,1024] agent.quasimetric_critic.losses.latent_dynamics.weight=1 agent.quasimetric_critic.losses.critic_optim.lr=5e-4 agent.quasimetric_critic.losses.global_push.softplus_beta=0.01 agent.quasimetric_critic.losses.global_push.softplus_offset=500 agent.actor.model.arch=[1024,1024,1024,1024] agent.actor.losses.actor_optim.lr=3e-5 agent.actor.losses.min_dist.adaptive_entropy_regularizer=False agent.actor.losses.min_dist.add_goal_as_future_state=False agent.actor.losses.behavior_cloning.weight=0 agent.quasimetric_critic.model.latent_dynamics.kind=transformer agent.quasimetric_critic.model.latent_dynamics.history_length=4 agent.quasimetric_critic.model.latent_dynamics.transformer_d_model=120 agent.quasimetric_critic.model.latent_dynamics.transformer_num_layers=2 agent.quasimetric_critic.model.latent_dynamics.transformer_num_heads=4 save_steps=2000
official_qrl_CDA_Tr_h4_antmaze_umaze_s1000	offline	antmaze-umaze-v2	1000	100000		num_workers=12 agent.training_schedule=critic_then_dynamics_then_actor agent.quasimetric_critic.losses.separate_latent_dynamics=true agent.quasimetric_critic.model.encoder.arch=[1024,1024,1024] agent.quasimetric_critic.model.encoder.latent_size=256 agent.quasimetric_critic.model.quasimetric_model.projector_arch=[1024,1024] agent.quasimetric_critic.model.latent_dynamics.arch=[1024,1024,1024] agent.quasimetric_critic.losses.latent_dynamics.weight=1 agent.quasimetric_critic.losses.critic_optim.lr=5e-4 agent.quasimetric_critic.losses.global_push.softplus_beta=0.01 agent.quasimetric_critic.losses.global_push.softplus_offset=500 agent.actor.model.arch=[1024,1024,1024,1024] agent.actor.losses.actor_optim.lr=3e-5 agent.actor.losses.min_dist.adaptive_entropy_regularizer=False agent.actor.losses.min_dist.add_goal_as_future_state=False agent.actor.losses.behavior_cloning.weight=0 agent.quasimetric_critic.model.latent_dynamics.kind=transformer agent.quasimetric_critic.model.latent_dynamics.history_length=4 agent.quasimetric_critic.model.latent_dynamics.transformer_d_model=120 agent.quasimetric_critic.model.latent_dynamics.transformer_num_layers=2 agent.quasimetric_critic.model.latent_dynamics.transformer_num_heads=4 save_steps=2000
official_qrl_CDA_Tr_h4_antmaze_medium_play_s1000	offline	antmaze-medium-play-v2	1000	100000		num_workers=12 agent.training_schedule=critic_then_dynamics_then_actor agent.quasimetric_critic.losses.separate_latent_dynamics=true agent.quasimetric_critic.model.encoder.arch=[1024,1024,1024] agent.quasimetric_critic.model.encoder.latent_size=256 agent.quasimetric_critic.model.quasimetric_model.projector_arch=[1024,1024] agent.quasimetric_critic.model.latent_dynamics.arch=[1024,1024,1024] agent.quasimetric_critic.losses.latent_dynamics.weight=1 agent.quasimetric_critic.losses.critic_optim.lr=5e-4 agent.quasimetric_critic.losses.global_push.softplus_beta=0.01 agent.quasimetric_critic.losses.global_push.softplus_offset=500 agent.actor.model.arch=[1024,1024,1024,1024] agent.actor.losses.actor_optim.lr=3e-5 agent.actor.losses.min_dist.adaptive_entropy_regularizer=False agent.actor.losses.min_dist.add_goal_as_future_state=False agent.actor.losses.behavior_cloning.weight=0 agent.quasimetric_critic.model.latent_dynamics.kind=transformer agent.quasimetric_critic.model.latent_dynamics.history_length=4 agent.quasimetric_critic.model.latent_dynamics.transformer_d_model=120 agent.quasimetric_critic.model.latent_dynamics.transformer_num_layers=2 agent.quasimetric_critic.model.latent_dynamics.transformer_num_heads=4 save_steps=2000
official_qrl_CDA_Tr_h4_antmaze_medium_diverse_s1000	offline	antmaze-medium-diverse-v2	1000	100000		num_workers=12 agent.training_schedule=critic_then_dynamics_then_actor agent.quasimetric_critic.losses.separate_latent_dynamics=true agent.quasimetric_critic.model.encoder.arch=[1024,1024,1024] agent.quasimetric_critic.model.encoder.latent_size=256 agent.quasimetric_critic.model.quasimetric_model.projector_arch=[1024,1024] agent.quasimetric_critic.model.latent_dynamics.arch=[1024,1024,1024] agent.quasimetric_critic.losses.latent_dynamics.weight=1 agent.quasimetric_critic.losses.critic_optim.lr=5e-4 agent.quasimetric_critic.losses.global_push.softplus_beta=0.01 agent.quasimetric_critic.losses.global_push.softplus_offset=500 agent.actor.model.arch=[1024,1024,1024,1024] agent.actor.losses.actor_optim.lr=3e-5 agent.actor.losses.min_dist.adaptive_entropy_regularizer=False agent.actor.losses.min_dist.add_goal_as_future_state=False agent.actor.losses.behavior_cloning.weight=0 agent.quasimetric_critic.model.latent_dynamics.kind=transformer agent.quasimetric_critic.model.latent_dynamics.history_length=4 agent.quasimetric_critic.model.latent_dynamics.transformer_d_model=120 agent.quasimetric_critic.model.latent_dynamics.transformer_num_layers=2 agent.quasimetric_critic.model.latent_dynamics.transformer_num_heads=4 save_steps=2000
official_qrl_CDA_Tr_h4_antmaze_large_play_s1000	offline	antmaze-large-play-v2	1000	100000		num_workers=12 agent.training_schedule=critic_then_dynamics_then_actor agent.quasimetric_critic.losses.separate_latent_dynamics=true agent.quasimetric_critic.model.encoder.arch=[1024,1024,1024] agent.quasimetric_critic.model.encoder.latent_size=256 agent.quasimetric_critic.model.quasimetric_model.projector_arch=[1024,1024] agent.quasimetric_critic.model.latent_dynamics.arch=[1024,1024,1024] agent.quasimetric_critic.losses.latent_dynamics.weight=1 agent.quasimetric_critic.losses.critic_optim.lr=5e-4 agent.quasimetric_critic.losses.global_push.softplus_beta=0.01 agent.quasimetric_critic.losses.global_push.softplus_offset=500 agent.actor.model.arch=[1024,1024,1024,1024] agent.actor.losses.actor_optim.lr=3e-5 agent.actor.losses.min_dist.adaptive_entropy_regularizer=False agent.actor.losses.min_dist.add_goal_as_future_state=False agent.actor.losses.behavior_cloning.weight=0 agent.quasimetric_critic.model.latent_dynamics.kind=transformer agent.quasimetric_critic.model.latent_dynamics.history_length=4 agent.quasimetric_critic.model.latent_dynamics.transformer_d_model=120 agent.quasimetric_critic.model.latent_dynamics.transformer_num_layers=2 agent.quasimetric_critic.model.latent_dynamics.transformer_num_heads=4 save_steps=2000
official_qrl_CDA_Tr_h4_antmaze_large_diverse_s1000	offline	antmaze-large-diverse-v2	1000	100000		num_workers=12 agent.training_schedule=critic_then_dynamics_then_actor agent.quasimetric_critic.losses.separate_latent_dynamics=true agent.quasimetric_critic.model.encoder.arch=[1024,1024,1024] agent.quasimetric_critic.model.encoder.latent_size=256 agent.quasimetric_critic.model.quasimetric_model.projector_arch=[1024,1024] agent.quasimetric_critic.model.latent_dynamics.arch=[1024,1024,1024] agent.quasimetric_critic.losses.latent_dynamics.weight=1 agent.quasimetric_critic.losses.critic_optim.lr=5e-4 agent.quasimetric_critic.losses.global_push.softplus_beta=0.01 agent.quasimetric_critic.losses.global_push.softplus_offset=500 agent.actor.model.arch=[1024,1024,1024,1024] agent.actor.losses.actor_optim.lr=3e-5 agent.actor.losses.min_dist.adaptive_entropy_regularizer=False agent.actor.losses.min_dist.add_goal_as_future_state=False agent.actor.losses.behavior_cloning.weight=0 agent.quasimetric_critic.model.latent_dynamics.kind=transformer agent.quasimetric_critic.model.latent_dynamics.history_length=4 agent.quasimetric_critic.model.latent_dynamics.transformer_d_model=120 agent.quasimetric_critic.model.latent_dynamics.transformer_num_layers=2 agent.quasimetric_critic.model.latent_dynamics.transformer_num_heads=4 save_steps=2000
