# filename	bytes	sha256
Ant_maze_big-maze_noisy_multistart_True_multigoal_False_sparse_fixed.hdf5	231110764	c9fec1c1daad97c71d61bd47f4ccc9f74faa855b8a2d2e8107d5378018827e5b
Ant_maze_big-maze_noisy_multistart_True_multigoal_True_sparse_fixed.hdf5	231095166	ad9dcbac05d1f8744a7a216083f513662f43f64f28a4a5eb225e9811902dfae7
Ant_maze_hardest-maze_noisy_multistart_True_multigoal_False_sparse_fixed.hdf5	230880653	6d353df2457829925d7f9d4b0215587469908bd57478ea76f16417cfa944f471
Ant_maze_hardest-maze_noisy_multistart_True_multigoal_True_sparse_fixed.hdf5	231183710	84f775eb7956ea9cc766704710dc520a8ab357adc7522ade47f556f0e335e284
Ant_maze_u-maze_noisy_multistart_False_multigoal_False_sparse_fixed.hdf5	232532949	5ef15257771c50ef4d23c7de001750e96c8bb5d9b6a5e4a821dcfb3065fbd130
Ant_maze_u-maze_noisy_multistart_True_multigoal_True_sparse_fixed.hdf5	230854272	c771dd63963cd7d9f55f24a6d809064f6b82250a6aeac4c9d13f9a1d06e8c932
maze2d-large-sparse-v1.hdf5	138600852	a80dddbd0158abc6cd85ec3ec88fc3099c288f3141e9bf92bb2c1c11f1876d12
maze2d-medium-sparse-v1.hdf5	69285140	b33981665984ee1a1667a2c2109638e8dd6b9767f39611cb9c16f8ec4fc32ab5
maze2d-umaze-sparse-v1.hdf5	34720209	f2d327d95067d53e274ac2fe876b740ed7883d0a9738bd5b447635cdb786bfb7
